{"schemaVersion":"1.0","appDefinitionTemplate":{"id":"/providers/Microsoft.PowerApps/apps/","type":"Microsoft.PowerApps/apps","tags":{"primaryDeviceWidth":"640","primaryDeviceHeight":"1136","sienaVersion":"20201010T100039Z-3.20094.24.0","deviceCapabilities":"webcam","supportsPortrait":"true","supportsLandscape":"false","primaryFormFactor":"Phone","publisherVersion":"3.20094.24","minimumRequiredApiVersion":"2.2.0","hasComponent":"false","hasUnlockedComponent":"false","isUnifiedRootApp":"false"},"properties":{"appVersion":"2020-10-10T10:00:39Z","lifeCycleId":"Published","createdByClientVersion":{"major":3,"minor":20094,"build":24,"revision":0,"majorRevision":0,"minorRevision":0},"minClientVersion":{"major":3,"minor":20094,"build":24,"revision":0,"majorRevision":0,"minorRevision":0},"backgroundColor":"rgba(0, 176, 240, 1)","backgroundImageUri":"/14824115682496776151/N0aa2fede-4f63-4cde-9edd-a974dfc43c62-logoSmallFile","displayName":"YouTube-View Shape in MR","description":"","commitMessage":"","appUris":{"documentUri":{"value":"/14824115682496776151/Nf2942d65-d738-428f-b390-e48554454bb0-document.msapp","readonlyValue":"/14824115682496776151/Nf2942d65-d738-428f-b390-e48554454bb0-document.msapp"},"imageUris":[]},"createdTime":"0001-01-01T00:00:00Z","lastModifiedTime":"0001-01-01T00:00:00Z","sharedGroupsCount":0,"sharedUsersCount":0,"icons":{"smallIconUri":"/14824115682496776151/N8658f0ae-9d7f-401e-8d7b-65e28d86b069-small.png","mediumIconUri":"/14824115682496776151/Ne697270f-c7b1-476b-bbb4-8b8b4081fb9e-medium.png","largeIconUri":"/14824115682496776151/N38e375c3-b699-430a-ab2d-0ea01a71d8f8-large.png","wideIconUri":"/14824115682496776151/N26378aae-f9ad-4916-ab44-a1f853234379-wide.png"},"connectionReferences":{},"databaseReferences":{},"almMode":"Environment","performanceOptimizationEnabled":true,"canConsumeAppPass":true},"isAppComponentLibrary":false,"appType":"ClassicCanvasApp","appComponents":[]}}