{"schemaVersion":"1.0","appDefinitionTemplate":{"id":"/providers/Microsoft.PowerApps/apps/","type":"Microsoft.PowerApps/apps","tags":{"primaryDeviceWidth":"640","primaryDeviceHeight":"1136","sienaVersion":"20201007T084821Z-3.20094.24.0","deviceCapabilities":"webcam","supportsPortrait":"true","supportsLandscape":"false","primaryFormFactor":"Phone","publisherVersion":"3.20094.24","minimumRequiredApiVersion":"2.2.0","hasComponent":"false","hasUnlockedComponent":"false","isUnifiedRootApp":"false"},"properties":{"appVersion":"2020-10-07T08:48:21Z","lifeCycleId":"Published","createdByClientVersion":{"major":3,"minor":20094,"build":24,"revision":0,"majorRevision":0,"minorRevision":0},"minClientVersion":{"major":3,"minor":20094,"build":24,"revision":0,"majorRevision":0,"minorRevision":0},"backgroundColor":"rgba(0, 176, 240, 1)","backgroundImageUri":"/17361019492917042388/Nb9e72b80-ef0a-4840-b0a5-52ab3e23a46c-logoSmallFile","displayName":"YouTube-Demo-View in MR","description":"","commitMessage":"","appUris":{"documentUri":{"value":"/17361019492917042388/N9342e24e-3d16-4574-bcf8-15d41b353be1-document.msapp","readonlyValue":"/17361019492917042388/N9342e24e-3d16-4574-bcf8-15d41b353be1-document.msapp"},"imageUris":[]},"createdTime":"0001-01-01T00:00:00Z","lastModifiedTime":"0001-01-01T00:00:00Z","sharedGroupsCount":0,"sharedUsersCount":0,"icons":{"smallIconUri":"/17361019492917042388/Ne514455a-bf00-4115-8739-c82409f313dd-small.png","mediumIconUri":"/17361019492917042388/Nefb16f0f-a205-4eea-867d-a98ce63f68ad-medium.png","largeIconUri":"/17361019492917042388/N3b3d76c9-a6dd-4bee-8d9c-8aa5c190c285-large.png","wideIconUri":"/17361019492917042388/Ne28b7ff9-2ff8-4339-adb6-716ced567260-wide.png"},"connectionReferences":{"979764c7-dc52-4dd5-b8dd-2a080b464f3a":{"id":"69078a87-8f45-4a2f-8e27-cdab4f22b3fd","displayName":"SharePoint","iconUri":"https://connectoricons-prod.azureedge.net/releases/v1.0.1398/1.0.1398.2149/sharepointonline/icon.png","dataSources":["3D Object"],"dependencies":[],"dependents":[],"parameterHints":{},"isOnPremiseConnection":false,"bypassConsent":false,"dataSets":{"https://dshah27.sharepoint.com/sites/MixedReality":{"dataSources":{"3D Object":{"tableName":"45eef688-fc9e-4943-a6a5-64a184175f11"}}}},"apiTier":"Standard","isCustomApiConnection":false}},"databaseReferences":{},"almMode":"Environment","performanceOptimizationEnabled":true,"canConsumeAppPass":true},"isAppComponentLibrary":false,"appType":"ClassicCanvasApp","appComponents":[]}}