{"schemaVersion":"1.0","appDefinitionTemplate":{"id":"/providers/Microsoft.PowerApps/apps/","type":"Microsoft.PowerApps/apps","tags":{"primaryDeviceWidth":"640","primaryDeviceHeight":"1136","sienaVersion":"20201009T054254Z-3.20094.24.0","deviceCapabilities":"webcam","supportsPortrait":"true","supportsLandscape":"false","primaryFormFactor":"Phone","publisherVersion":"3.20094.24","minimumRequiredApiVersion":"2.2.0","hasComponent":"false","hasUnlockedComponent":"false","isUnifiedRootApp":"false"},"properties":{"appVersion":"2020-10-09T05:42:54Z","lifeCycleId":"Published","createdByClientVersion":{"major":3,"minor":20094,"build":24,"revision":0,"majorRevision":0,"minorRevision":0},"minClientVersion":{"major":3,"minor":20094,"build":24,"revision":0,"majorRevision":0,"minorRevision":0},"backgroundColor":"rgba(0, 176, 240, 1)","backgroundImageUri":"/727089359640907736/N83089631-4ad9-43a4-b7de-9c5950a1c2ce-logoSmallFile","displayName":"Mixed Reality- Measure in MR","description":"","commitMessage":"","appUris":{"documentUri":{"value":"/727089359640907736/N1a232417-4bf0-4fba-929c-8a6f7b6fa19a-document.msapp","readonlyValue":"/727089359640907736/N1a232417-4bf0-4fba-929c-8a6f7b6fa19a-document.msapp"},"imageUris":[]},"createdTime":"0001-01-01T00:00:00Z","lastModifiedTime":"0001-01-01T00:00:00Z","sharedGroupsCount":0,"sharedUsersCount":0,"icons":{"smallIconUri":"/727089359640907736/N43fc271d-5b91-45d9-8664-1c06968d1283-small.png","mediumIconUri":"/727089359640907736/N6e0ac991-d0de-4a80-81e4-71b2302a87d8-medium.png","largeIconUri":"/727089359640907736/N07fbf0ed-f86c-4b44-b0f7-1d62247fc2ce-large.png","wideIconUri":"/727089359640907736/N5bd61fa8-0808-4ba9-950b-98f9cf8a25ba-wide.png"},"connectionReferences":{},"databaseReferences":{},"almMode":"Environment","performanceOptimizationEnabled":true,"canConsumeAppPass":true},"isAppComponentLibrary":false,"appType":"ClassicCanvasApp","appComponents":[]}}