{"schemaVersion":"1.0","appDefinitionTemplate":{"id":"/providers/Microsoft.PowerApps/apps/","type":"Microsoft.PowerApps/apps","tags":{"primaryDeviceWidth":"1366","primaryDeviceHeight":"768","sienaVersion":"20201006T045011Z-3.20094.24.0","deviceCapabilities":"webcam","supportsPortrait":"false","supportsLandscape":"true","primaryFormFactor":"Tablet","publisherVersion":"3.20094.24","minimumRequiredApiVersion":"2.2.0","hasComponent":"false","hasUnlockedComponent":"false","isUnifiedRootApp":"false"},"properties":{"appVersion":"2020-10-06T04:50:11Z","lifeCycleId":"Published","createdByClientVersion":{"major":3,"minor":20094,"build":24,"revision":0,"majorRevision":0,"minorRevision":0},"minClientVersion":{"major":3,"minor":20094,"build":24,"revision":0,"majorRevision":0,"minorRevision":0},"backgroundColor":"rgba(0, 176, 240, 1)","backgroundImageUri":"/1454174687237262235/N6279bb97-26b0-4c21-9669-87d6776becf0-logoSmallFile","displayName":"Mixed Reality - View in 3D","description":"","commitMessage":"","appUris":{"documentUri":{"value":"/1454174687237262235/Ndefec523-6ec6-4e4a-b654-63a2165dd5d5-document.msapp","readonlyValue":"/1454174687237262235/Ndefec523-6ec6-4e4a-b654-63a2165dd5d5-document.msapp"},"imageUris":[]},"createdTime":"0001-01-01T00:00:00Z","lastModifiedTime":"0001-01-01T00:00:00Z","sharedGroupsCount":0,"sharedUsersCount":0,"icons":{"smallIconUri":"/1454174687237262235/Nac54723a-2735-4f28-b223-08b950ad0fba-small.png","mediumIconUri":"/1454174687237262235/Ned6f1724-c368-4491-89bf-8d6842271985-medium.png","largeIconUri":"/1454174687237262235/N2d14c3fd-d8b8-4c96-a2e6-20efe0fb4ccf-large.png","wideIconUri":"/1454174687237262235/Ncda76adc-9fa2-4fd1-9138-58d5267ba7e1-wide.png"},"connectionReferences":{"a1fdd568-729a-4eb8-b5d5-7a58fbc19925":{"id":"69078a87-8f45-4a2f-8e27-cdab4f22b3fd","displayName":"SharePoint","iconUri":"https://connectoricons-prod.azureedge.net/releases/v1.0.1398/1.0.1398.2149/sharepointonline/icon.png","dataSources":["3D Object","3D Content"],"dependencies":[],"dependents":[],"parameterHints":{},"isOnPremiseConnection":false,"bypassConsent":false,"dataSets":{"https://dshah27.sharepoint.com/sites/MixedReality":{"dataSources":{"3D Object":{"tableName":"45eef688-fc9e-4943-a6a5-64a184175f11"},"3D Content":{"tableName":"e61353b6-7dde-4249-8cc2-6def528987f6"}}}},"apiTier":"Standard","isCustomApiConnection":false},"397ac818-8815-447e-9ae0-63a2037dfd11":{"id":"8c4a9e26-4e12-44ee-b1f0-c6cf5057ca0f","displayName":"Excel","iconUri":"https://connectoricons-prod.azureedge.net/excel/icon_1.0.1352.2012.png","dataSources":["Table1","MixedReality"],"dependencies":["33b784ab-4735-4918-bd8e-3d03b68b7227"],"dependents":[],"parameterHints":{"33b784ab-4735-4918-bd8e-3d03b68b7227":{"value":"fileSource"}},"isOnPremiseConnection":false,"bypassConsent":false,"dataSets":{"b!SfGlSa4N6UGkW6rMO2R84raZMH1OVAlIvQavT4fx3me6KKYKQE6JTJmQ_AgZa3ql.013V73OLOUUOJY7H3BLJGZSA6OLVHZY3KY":{"dataSources":{"Table1":{"tableName":"Table1"}}},"b!SfGlSa4N6UGkW6rMO2R84raZMH1OVAlIvQavT4fx3me6KKYKQE6JTJmQ_AgZa3ql.013V73OLIUPDFFGQXRAJEYFF7SG7SD6FQ2":{"dataSources":{"MixedReality":{"tableName":"MixedReality"}}}},"apiTier":"Standard","isCustomApiConnection":false},"33b784ab-4735-4918-bd8e-3d03b68b7227":{"id":"da049edc-cbac-4d29-9f04-9f037b15f2fc","displayName":"OneDrive for Business","iconUri":"https://connectoricons-prod.azureedge.net/onedriveforbusiness/icon_1.0.1341.1987.png","dataSources":[],"dependencies":[],"dependents":["397ac818-8815-447e-9ae0-63a2037dfd11"],"parameterHints":{},"isOnPremiseConnection":false,"bypassConsent":false,"dataSets":{},"apiTier":"Standard","isCustomApiConnection":false}},"databaseReferences":{},"almMode":"Environment","performanceOptimizationEnabled":true,"canConsumeAppPass":true},"isAppComponentLibrary":false,"appType":"ClassicCanvasApp","appComponents":[]}}